<DOMSymbolItem xmlns:xsi="http://www.w3.org/2001/XMLSchema-instance" xmlns="http://ns.adobe.com/xfl/2008/" name="Arrow" itemID="59777159-00000047" lastModified="1501000025">
  <timeline>
    <DOMTimeline name="Arrow">
      <layers>
        <DOMLayer name="Layer 1" color="#4F80FF" current="true" isSelected="true">
          <frames>
            <DOMFrame index="0" keyMode="9728">
              <elements>
                <DOMShape>
                  <fills>
                    <FillStyle index="1">
                      <SolidColor/>
                    </FillStyle>
                  </fills>
                  <edges>
                    <Edge fillStyle1="1" edges="!0 -342|137 0!137 0|-137 0!-137 0|0 -342"/>
                    <Edge cubics="!0 -342(;0,-342 137,0 137,0q0 -342 137 0);"/>
                    <Edge cubics="!-137 0(;-137,0 137,0 137,0q-137 0 137 0);"/>
                    <Edge cubics="!-137 0(;-137,0 0,-342 0,-342q-137 0 0 -342);"/>
                  </edges>
                </DOMShape>
              </elements>
            </DOMFrame>
          </frames>
        </DOMLayer>
      </layers>
    </DOMTimeline>
  </timeline>
</DOMSymbolItem>