<DOMDocument xmlns:xsi="http://www.w3.org/2001/XMLSchema-instance" xmlns="http://ns.adobe.com/xfl/2008/" backgroundColor="#999999" width="256" height="256" currentTimeline="1" xflVersion="2.2" creatorInfo="Adobe Flash Professional CS6" platform="Windows" versionInfo="Saved by Adobe Flash Windows 12.0 build 481" majorVersion="12" buildNumber="481" viewAngle3D="27.24057502679" nextSceneIdentifier="2" playOptionsPlayLoop="false" playOptionsPlayPages="false" playOptionsPlayFrameActions="false">
     <symbols>
          <Include href="Symbol 1.xml" loadImmediate="false" itemID="5308bc70-000001d4" lastModified="1393085789"/>
     </symbols>
     <timelines>
          <DOMTimeline name="Scene 1">
               <layers>
                    <DOMLayer name="Layer 2" color="#9933CC">
                         <frames>
                              <DOMFrame index="0" keyMode="9728">
                                   <elements>
                                        <DOMSymbolInstance libraryItemName="Symbol 1" centerPoint3DX="128" centerPoint3DY="128">
                                             <matrix>
                                                  <Matrix tx="128" ty="128"/>
                                             </matrix>
                                             <transformationPoint>
                                                  <Point/>
                                             </transformationPoint>
                                             <filters>
                                                  <DropShadowFilter angle="0" distance="0" isEnabled="false" quality="3" strength="5.09"/>
                                             </filters>
                                        </DOMSymbolInstance>
                                   </elements>
                              </DOMFrame>
                         </frames>
                    </DOMLayer>
                    <DOMLayer name="Layer 4" color="#FF4FFF">
                         <frames>
                              <DOMFrame index="0" keyMode="9728">
                                   <elements>
                                        <DOMShape>
                                             <strokes>
                                                  <StrokeStyle index="1">
                                                       <SolidStroke scaleMode="normal" weight="42">
                                                            <fill>
                                                                 <SolidColor color="#212130"/>
                                                            </fill>
                                                       </SolidStroke>
                                                  </StrokeStyle>
                                             </strokes>
                                             <edges>
                                                  <Edge strokeStyle="1" edges="!3875 3875[3331 4420 2560 4420!2560 4420[1791 4420 1246 3875!1246 3875[700 3331 700 2560!700 2560[700 1791 1246 1246!1246 1246[1791 700 2560 700!2560 700[3331 700 3875 1246!3875 1246[4420 1791 4420 2560!4420 2560[4420 3331 3875 3875"/>
                                             </edges>
                                        </DOMShape>
                                   </elements>
                              </DOMFrame>
                         </frames>
                    </DOMLayer>
                    <DOMLayer name="Layer 1" color="#4FFF4F" current="true" isSelected="true">
                         <frames>
                              <DOMFrame index="0" keyMode="9728">
                                   <elements>
                                        <DOMShape>
                                             <strokes>
                                                  <StrokeStyle index="1">
                                                       <SolidStroke scaleMode="normal" weight="72">
                                                            <fill>
                                                                 <SolidColor color="#212130" alpha="0.298039215686275"/>
                                                            </fill>
                                                       </SolidStroke>
                                                  </StrokeStyle>
                                             </strokes>
                                             <edges>
                                                  <Edge strokeStyle="1" edges="!3832 3832[3305 4360 2560 4360!2560 4360[1815 4360 1288 3832!1288 3832[760 3305 760 2560!760 2560[760 1815 1288 1288!1288 1288[1815 760 2560 760!2560 760[3305 760 3832 1288!3832 1288[4360 1815 4360 2560!4360 2560[4360 3305 3832 3832"/>
                                             </edges>
                                        </DOMShape>
                                   </elements>
                              </DOMFrame>
                         </frames>
                    </DOMLayer>
               </layers>
          </DOMTimeline>
     </timelines>
     <PrinterSettings/>
     <publishHistory/>
</DOMDocument>