<?xpacket begin="﻿" id="W5M0MpCehiHzreSzNTczkc9d"?>
<x:xmpmeta xmlns:x="adobe:ns:meta/" x:xmptk="Adobe XMP Core 5.3-c011 66.145661, 2012/02/06-14:56:27        ">
   <rdf:RDF xmlns:rdf="http://www.w3.org/1999/02/22-rdf-syntax-ns#">
      <rdf:Description rdf:about=""
            xmlns:xmp="http://ns.adobe.com/xap/1.0/">
         <xmp:CreatorTool>Adobe Flash Professional CS6 - build 481</xmp:CreatorTool>
         <xmp:CreateDate>2014-02-22T18:58:24+04:00</xmp:CreateDate>
         <xmp:MetadataDate>2014-03-25T20:24:57+04:00</xmp:MetadataDate>
         <xmp:ModifyDate>2014-03-25T20:24:57+04:00</xmp:ModifyDate>
      </rdf:Description>
      <rdf:Description rdf:about=""
            xmlns:dc="http://purl.org/dc/elements/1.1/">
         <dc:format>application/vnd.adobe.fla</dc:format>
      </rdf:Description>
      <rdf:Description rdf:about=""
            xmlns:xmpMM="http://ns.adobe.com/xap/1.0/mm/"
            xmlns:stEvt="http://ns.adobe.com/xap/1.0/sType/ResourceEvent#"
            xmlns:stRef="http://ns.adobe.com/xap/1.0/sType/ResourceRef#">
         <xmpMM:InstanceID>xmp.iid:8ED30D013AB4E3119DA4E2A0DAA059F3</xmpMM:InstanceID>
         <xmpMM:DocumentID>xmp.did:8ED30D013AB4E3119DA4E2A0DAA059F3</xmpMM:DocumentID>
         <xmpMM:OriginalDocumentID>xmp.did:90807A2DD39BE311B88AD8EC62276915</xmpMM:OriginalDocumentID>
         <xmpMM:History>
            <rdf:Seq>
               <rdf:li rdf:parseType="Resource">
                  <stEvt:action>created</stEvt:action>
                  <stEvt:instanceID>xmp.iid:90807A2DD39BE311B88AD8EC62276915</stEvt:instanceID>
                  <stEvt:when>2014-02-22T18:58:24+04:00</stEvt:when>
                  <stEvt:softwareAgent>Adobe Flash Professional CS6 - build 481</stEvt:softwareAgent>
               </rdf:li>
               <rdf:li rdf:parseType="Resource">
                  <stEvt:action>saved</stEvt:action>
                  <stEvt:instanceID>xmp.iid:91807A2DD39BE311B88AD8EC62276915</stEvt:instanceID>
                  <stEvt:when>2014-02-23T00:06:07+04:00</stEvt:when>
                  <stEvt:softwareAgent>Adobe Flash Professional CS6 - build 481</stEvt:softwareAgent>
                  <stEvt:changed>/</stEvt:changed>
               </rdf:li>
               <rdf:li rdf:parseType="Resource">
                  <stEvt:action>created</stEvt:action>
                  <stEvt:instanceID>xmp.iid:8ED30D013AB4E3119DA4E2A0DAA059F3</stEvt:instanceID>
                  <stEvt:when>2014-02-22T18:58:24+04:00</stEvt:when>
                  <stEvt:softwareAgent>Adobe Flash Professional CS6 - build 481</stEvt:softwareAgent>
               </rdf:li>
            </rdf:Seq>
         </xmpMM:History>
         <xmpMM:DerivedFrom rdf:parseType="Resource">
            <stRef:instanceID>xmp.iid:91807A2DD39BE311B88AD8EC62276915</stRef:instanceID>
            <stRef:documentID>xmp.did:91807A2DD39BE311B88AD8EC62276915</stRef:documentID>
            <stRef:originalDocumentID>xmp.did:90807A2DD39BE311B88AD8EC62276915</stRef:originalDocumentID>
         </xmpMM:DerivedFrom>
      </rdf:Description>
   </rdf:RDF>
</x:xmpmeta>
                                                                                                    
                                                                                                    
                                                                                                    
                                                                                                    
                                                                                                    
                                                                                                    
                                                                                                    
                                                                                                    
                                                                                                    
                                                                                                    
                                                                                                    
                                                                                                    
                                                                                                    
                                                                                                    
                                                                                                    
                                                                                                    
                                                                                                    
                                                                                                    
                                                                                                    
                                                                                                    
                           
<?xpacket end="w"?>